{
  "Author": "Herculezz",
  "Name": "AutoDuty",
  "InternalName": "AutoDuty",
  "AssemblyVersion": "0.0.0.39",
  "Description": "A plugin to run dungeons for you with Trust, Duty Support, Squadrons and Regular, Requires BossMod, vnavmesh and Rotation Solver (Recommend Reborn Fork)",
  "ApplicableVersion": "any",
  "RepoUrl": "",
  "DalamudApiLevel": 9,
  "LoadRequiredState": 0,
  "LoadSync": false,
  "CanUnloadAsync": false,
  "LoadPriority": 0,
  "ImageUrls": [
    "https://raw.githubusercontent.com/ffxivcode/DalamudPlugins/main/AutoDuty/AutoDuty1.png",
    "https://raw.githubusercontent.com/ffxivcode/DalamudPlugins/main/AutoDuty/AutoDuty2.png"
  ],
  "IconUrl": "https://raw.githubusercontent.com/ffxivcode/DalamudPlugins/main/AutoDuty/AutoDutyi.png",
  "Punchline": "AutoDuty",
  "AcceptsFeedback": true
}