{
  "Author": "Herculezz",
  "Name": "MBT",
  "InternalName": "MBT",
  "AssemblyVersion": "0.0.0.14",
  "Description": "A bunch of utilities to simplify multi-boxing",
  "ApplicableVersion": "any",
  "RepoUrl": "",
  "DalamudApiLevel": 9,
  "LoadRequiredState": 0,
  "LoadSync": false,
  "CanUnloadAsync": false,
  "LoadPriority": 0,
  "ImageUrls": [
    "https://raw.githubusercontent.com/ffxivcode/DalamudPlugins/main/MBT/MBT1.png",
    "https://raw.githubusercontent.com/ffxivcode/DalamudPlugins/main/MBT/MBT2.png"
  ],
  "IconUrl": "https://raw.githubusercontent.com/ffxivcode/DalamudPlugins/main/MBT/MBTi.png",
  "Punchline": "Multi-boxer tool kit",
  "AcceptsFeedback": true
}