{
  "Disabled": false,
  "Testing": false,
  "ScheduledForDeletion": false,
  "InstalledFromUrl": "",
  "WorkingPluginId": "886621fd-ac81-477d-9347-0172ac886029",
  "IsThirdParty": false,
  "EffectiveVersion": "1.0.0.0",
  "Author": "Herculezz",
  "Name": "MBT",
  "Punchline": "Multi Boxer Toolkit",
  "Description": "Tools to help multi boxing",
  "Changelog": null,
  "Tags": [
    "MBT"
  ],
  "CategoryTags": null,
  "IsHide": false,
  "InternalName": "MBT",
  "AssemblyVersion": "1.0.0.0",
  "TestingAssemblyVersion": null,
  "IsTestingExclusive": false,
  "RepoUrl": null,
  "ApplicableVersion": "any",
  "DalamudApiLevel": 9,
  "DownloadCount": 0,
  "LastUpdate": 0,
  "DownloadLinkInstall": null,
  "DownloadLinkUpdate": null,
  "DownloadLinkTesting": null,
  "LoadRequiredState": 0,
  "LoadSync": false,
  "LoadPriority": 0,
  "CanUnloadAsync": false,
  "SupportsProfiles": true,
  "ImageUrls": null,
  "IconUrl": null,
  "AcceptsFeedback": true,
  "FeedbackMessage": null,
  "_Dip17Channel": null
}